model,image_name,image_type,true_object,pred_object,prob_grey_object,prob_color_object,correct,quality
ALIGN,0002g.png,grey,violin,violin,0.9999704360961914,2.9513208573916927e-05,True,L
ALIGN,0002c.png,color,eagle,violin,0.9993582367897034,0.0006417814292944968,False,L
ALIGN,0003g.png,grey,bottle,bottle,0.9601200222969055,0.039880018681287766,True,M
ALIGN,0003c.png,color,bird,bird,0.2904740869998932,0.7095258831977844,True,M
ALIGN,0005g.png,grey,guitar,guitar,0.9943696856498718,0.005630310159176588,True,H
ALIGN,0005c.png,color,octopus,guitar,0.9893787503242493,0.010621258057653904,False,H
ALIGN,0006g.png,grey,castle,castle,0.9978272318840027,0.0021726989652961493,True,M
ALIGN,0006c.png,color,crab,crab,0.014772570692002773,0.9852274656295776,True,M
ALIGN,0007g.png,grey,bridge,bridge,0.9959772229194641,0.00402280455455184,True,M
ALIGN,0007c.png,color,dolphin,bridge,0.8922824859619141,0.10771755129098892,False,M
ALIGN,0012g.png,grey,feather,tiger,0.32725390791893005,0.6727460622787476,False,L
ALIGN,0012c.png,color,tiger,tiger,0.044604524970054626,0.9553954601287842,True,L
ALIGN,0018g.png,grey,flower,flower,0.9887076616287231,0.01129230484366417,True,H
ALIGN,0018c.png,color,bird,bird,0.0011987413745373487,0.9988012313842773,True,H
ALIGN,0030g.png,grey,branch,branch,0.9961531758308411,0.0038468518760055304,True,L
ALIGN,0030c.png,color,bird,branch,0.9491987228393555,0.05080129951238632,False,L
ALIGN,0031g.png,grey,plume,plume,0.9841471910476685,0.015852821990847588,True,M
ALIGN,0031c.png,color,dragonfly,dragonfly,0.010525857098400593,0.9894741177558899,True,M
ALIGN,0048g.png,grey,balloon,balloon,0.9999146461486816,8.537661778973415e-05,True,L
ALIGN,0048c.png,color,llama,llama,0.37400686740875244,0.6259930729866028,True,L
ALIGN,0051g.png,grey,mask,mask,0.9080165028572083,0.09198345988988876,True,L
ALIGN,0051c.png,color,peacock,peacock,0.0018463729647919536,0.9981536269187927,True,L
ALIGN,0057g.png,grey,boat,boat,0.9938576817512512,0.006142294034361839,True,M
ALIGN,0057c.png,color,ladybug,ladybug,1.544492261018604e-05,0.9999845027923584,True,M
ALIGN,0062g.png,grey,windmill,windmill,0.99982750415802,0.0001724953908706084,True,L
ALIGN,0062c.png,color,fish,windmill,0.9893201589584351,0.010679813101887703,False,L
ALIGN,0064g.png,grey,temple,temple,0.9992702603340149,0.0007297317497432232,True,L
ALIGN,0064c.png,color,frog,temple,0.8888377547264099,0.1111622154712677,False,L
ALIGN,0070g.png,grey,mountain,mountain,0.9997795224189758,0.00022049469407647848,True,M
ALIGN,0070c.png,color,kitten,kitten,0.0030419493559747934,0.9969580173492432,True,M
ALIGN,0074g.png,grey,moon,walrus,0.009585076943039894,0.9904148578643799,False,L
ALIGN,0074c.png,color,walrus,walrus,0.000153852000948973,0.9998461008071899,True,L
ALIGN,0078g.png,grey,banana,banana,0.9998984336853027,0.0001015520392684266,True,M
ALIGN,0078c.png,color,parrot,banana,0.9997913241386414,0.0002086901804432273,False,M
ALIGN,0083g.png,grey,bottle,bottle,0.9996798038482666,0.0003202619554940611,True,L
ALIGN,0083c.png,color,kingfisher,kingfisher,0.42413362860679626,0.5758663415908813,True,L
ALIGN,0098g.png,grey,flower,flower,0.9750915169715881,0.02490847557783127,True,H
ALIGN,0098c.png,color,bird,flower,0.5363645553588867,0.4636353850364685,False,H
ALIGN,0100g.png,grey,mushroom,mushroom,0.9995914101600647,0.00040861612069420516,True,L
ALIGN,0100c.png,color,manatee,mushroom,0.9813880920410156,0.018611939623951912,False,L
ALIGN,0117g.png,grey,vase,vase,0.99993896484375,6.10640345257707e-05,True,M
ALIGN,0117c.png,color,iguana,vase,0.5439886450767517,0.4560113549232483,False,M
ALIGN,0118g.png,grey,cup,cup,0.9993941783905029,0.0006058508297428489,True,L
ALIGN,0118c.png,color,gecko,gecko,0.395317018032074,0.6046830415725708,True,L
ALIGN,0132g.png,grey,drum,jellyfish,0.10003119707107544,0.8999687433242798,False,M
ALIGN,0132c.png,color,jellyfish,jellyfish,0.0006489339866675436,0.9993510842323303,True,M
ALIGN,0150g.png,grey,mountain,mountain,0.9997560381889343,0.00024392166233155876,True,M
ALIGN,0150c.png,color,kitten,kitten,0.034340690821409225,0.9656593203544617,True,M
ALIGN,0159g.png,grey,pear,goldfish,0.26111558079719543,0.7388843894004822,False,L
ALIGN,0159c.png,color,goldfish,goldfish,1.2365431757643819e-05,0.9999876022338867,True,L
ALIGN,0162g.png,grey,violin,violin,0.9999904632568359,9.581563972460572e-06,True,L
ALIGN,0162c.png,color,eagle,violin,0.999762237071991,0.0002378234057687223,False,L
ALIGN,0175g.png,grey,tulip,tulip,0.9999668598175049,3.317570372018963e-05,True,L
ALIGN,0175c.png,color,moose,tulip,0.9781765341758728,0.021823488175868988,False,L
ALIGN,0196g.png,grey,candle,candle,0.999830961227417,0.0001690452772891149,True,L
ALIGN,0196c.png,color,fish,candle,0.849798321723938,0.1502017229795456,False,L
ALIGN,0197g.png,grey,vase,iguana,0.19030192494392395,0.8096980452537537,False,L
ALIGN,0197c.png,color,iguana,iguana,0.0004143933183513582,0.9995855689048767,True,L
ALIGN,0209g.png,grey,twig,leopard,0.33112722635269165,0.6688727736473083,False,M
ALIGN,0209c.png,color,leopard,leopard,0.005569056142121553,0.9944309592247009,True,M
ALIGN,0244g.png,grey,temple,temple,0.9997881054878235,0.00021194132568780333,True,L
ALIGN,0244c.png,color,alpaca,temple,0.996758759021759,0.003241196507588029,False,L
ALIGN,0269g.png,grey,onion,onion,0.9999829530715942,1.7048891095328145e-05,True,L
ALIGN,0269c.png,color,pelican,onion,0.9999176263809204,8.238332520704716e-05,False,L
ALIGN,0291g.png,grey,branch,branch,0.6168427467346191,0.38315725326538086,True,L
ALIGN,0291c.png,color,rabbit,rabbit,0.003171950113028288,0.996828019618988,True,L
ALIGN,0293g.png,grey,cone,cone,0.8486554026603699,0.1513446569442749,True,M
ALIGN,0293c.png,color,bird,bird,0.3748379647731781,0.6251620650291443,True,M
ALIGN,0333g.png,grey,cloud,turtle,0.00017150430358015,0.9998284578323364,False,L
ALIGN,0333c.png,color,turtle,turtle,6.792391650378704e-05,0.999932050704956,True,L
ALIGN,0339g.png,grey,banana,banana,0.768808901309967,0.231191024184227,True,M
ALIGN,0339c.png,color,frog,frog,0.007502289954572916,0.9924977421760559,True,M
ALIGN,0347g.png,grey,carrot,carrot,0.9998704195022583,0.00012953310215380043,True,L
ALIGN,0347c.png,color,bird,bird,0.006707629654556513,0.9932923316955566,True,L
ALIGN,0379g.png,grey,vase,vase,0.9980529546737671,0.0019470304250717163,True,H
ALIGN,0379c.png,color,monkey,vase,0.9993220567703247,0.0006779885152354836,False,H
ALIGN,0400g.png,grey,tree,tree,0.9993864297866821,0.0006135549629107118,True,L
ALIGN,0400c.png,color,rooster,tree,0.7960720658302307,0.2039279192686081,False,L
ALIGN,0403g.png,grey,bottle,bottle,0.9756306409835815,0.0243693757802248,True,H
ALIGN,0403c.png,color,bird,bird,0.006212130188941956,0.9937878251075745,True,H
ALIGN,0465g.png,grey,hut,hut,0.988593339920044,0.011406687088310719,True,L
ALIGN,0465c.png,color,lobster,lobster,9.492567915003747e-05,0.9999051094055176,True,L
ALIGN,0524g.png,grey,tree,tree,0.5182299613952637,0.48177000880241394,True,M
ALIGN,0524c.png,color,squid,squid,0.10303349792957306,0.8969664573669434,True,M
ALIGN,0536g.png,grey,torch,torch,0.9952923059463501,0.004707713145762682,True,M
ALIGN,0536c.png,color,bird,torch,0.8941043615341187,0.10589563846588135,False,M
ALIGN,0552g.png,grey,mask,mask,0.8558065295219421,0.14419345557689667,True,H
ALIGN,0552c.png,color,ladybug,mask,0.8649078607559204,0.13509218394756317,False,H
ALIGN,0553g.png,grey,drum,turtle,0.3134634792804718,0.6865365505218506,False,M
ALIGN,0553c.png,color,turtle,turtle,0.003053939202800393,0.9969460368156433,True,M
ALIGN,0618g.png,grey,plum,whale,0.07235615700483322,0.9276438355445862,False,L
ALIGN,0618c.png,color,whale,whale,0.03361242637038231,0.9663876295089722,True,L
ALIGN,0620g.png,grey,apple,apple,0.9888812899589539,0.011118662543594837,True,L
ALIGN,0620c.png,color,turtle,turtle,6.25982356723398e-05,0.9999374151229858,True,L
ALIGN,0623g.png,grey,pumpkin,pumpkin,0.999984622001648,1.5348763554356992e-05,True,M
ALIGN,0623c.png,color,crane,pumpkin,0.9999203681945801,7.958643982419744e-05,False,M
ALIGN,0684g.png,grey,rose,rose,0.9655237197875977,0.03447633609175682,True,H
ALIGN,0684c.png,color,rooster,rooster,0.1425565779209137,0.8574433922767639,True,H
ALIGN,0685g.png,grey,flower,flower,0.7661561369895935,0.2338438630104065,True,M
ALIGN,0685c.png,color,fish,fish,0.33124840259552,0.6687516570091248,True,M
ALIGN,0700g.png,grey,tree,tree,0.9985284805297852,0.0014715183060616255,True,M
ALIGN,0700c.png,color,fox,fox,0.02522735483944416,0.9747726917266846,True,M
ALIGN,0722g.png,grey,pear,pear,0.9978233575820923,0.0021767043508589268,True,L
ALIGN,0722c.png,color,llama,pear,0.7975351810455322,0.20246481895446777,False,L
ALIGN,0730g.png,grey,hill,hill,0.5969716906547546,0.40302833914756775,True,H
ALIGN,0730c.png,color,koala,koala,0.00011391993029974401,0.9998860359191895,True,H
ALIGN,0738g.png,grey,pagoda,pagoda,0.5200321674346924,0.4799678325653076,True,H
ALIGN,0738c.png,color,squid,squid,0.00010036023741122335,0.9998996257781982,True,H
ALIGN,0763g.png,grey,cup,cup,0.9809383153915405,0.019061675295233727,True,L
ALIGN,0763c.png,color,chameleon,chameleon,0.16481147706508636,0.8351884484291077,True,L
ALIGN,0770g.png,grey,plume,bird,0.06177125498652458,0.9382287859916687,False,H
ALIGN,0770c.png,color,bird,bird,0.011126062832772732,0.9888739585876465,True,H
ALIGN,0777g.png,grey,pine,pine,0.9928795695304871,0.007120427209883928,True,L
ALIGN,0777c.png,color,sloth,pine,0.8058257102966309,0.19417427480220795,False,L
ALIGN,0785g.png,grey,rose,rose,0.999816358089447,0.0001836854062275961,True,M
ALIGN,0785c.png,color,bird,rose,0.9989746809005737,0.0010253007058054209,False,M
ALIGN,0792g.png,grey,church,church,0.9960011839866638,0.003998779226094484,True,M
ALIGN,0792c.png,color,frog,frog,2.5874685888993554e-05,0.9999741315841675,True,M
ALIGN,0795g.png,grey,castle,castle,0.9999790191650391,2.0957737433491275e-05,True,L
ALIGN,0795c.png,color,otter,castle,0.9999630451202393,3.6943274608347565e-05,False,L
ALIGN,0810g.png,grey,crow,crow,0.984370231628418,0.015629850327968597,True,M
ALIGN,0810c.png,color,peacock,peacock,0.04246579483151436,0.9575342535972595,True,M
ALIGN,0840g.png,grey,valley,valley,0.9754400849342346,0.02455988898873329,True,L
ALIGN,0840c.png,color,bird,bird,0.07085312157869339,0.929146945476532,True,L
ALIGN,0841g.png,grey,dunes,duck,0.06066744402050972,0.9393325448036194,False,L
ALIGN,0841c.png,color,duck,duck,0.003849431173875928,0.9961506128311157,True,L
ALIGN,0853g.png,grey,mushroom,mushroom,0.9980553388595581,0.0019446597434580326,True,L
ALIGN,0853c.png,color,garden,mushroom,0.9964529275894165,0.003547128988429904,False,L
ALIGN,0874g.png,grey,scarecrow,scarecrow,0.9997990727424622,0.0002009167947107926,True,L
ALIGN,0874c.png,color,hummingbird,scarecrow,0.9971948862075806,0.0028051056433469057,False,L
ALIGN,0883g.png,grey,paper,paper,0.996751070022583,0.003248960943892598,True,L
ALIGN,0883c.png,color,birds,birds,0.4727036654949188,0.5272963047027588,True,L
ALIGN,0885g.png,grey,mirror,mirror,0.9945064187049866,0.005493618547916412,True,H
ALIGN,0885c.png,color,lanterns,lanterns,0.17037531733512878,0.8296246528625488,True,H
ALIGN,0890g.png,grey,person,macaw,0.010179934091866016,0.9898200631141663,False,M
ALIGN,0890c.png,color,macaw,macaw,8.502369018970057e-05,0.9999150037765503,True,M
ALIGN,0911g.png,grey,fruit,fruit,0.999579131603241,0.0004209012840874493,True,L
ALIGN,0911c.png,color,shark,shark,0.43422526121139526,0.5657747983932495,True,L
ALIGN,0919g.png,grey,net,net,0.9966033697128296,0.003396618878468871,True,M
ALIGN,0919c.png,color,toucan,toucan,0.004651660565286875,0.9953483939170837,True,M
ALIGN,0928g.png,grey,eggshell,eggshell,0.9998811483383179,0.00011886082211276516,True,L
ALIGN,0928c.png,color,tiger,eggshell,0.9969307780265808,0.003069232916459441,False,L
ALIGN,0940g.png,grey,skyline,skyline,0.9905624985694885,0.009437542408704758,True,L
ALIGN,0940c.png,color,reef,skyline,0.7367216348648071,0.2632783353328705,False,L
ALIGN,0960g.png,grey,armchair,armchair,0.9999673366546631,3.2676489354344085e-05,True,L
ALIGN,0960c.png,color,macaw,macaw,0.023803507909178734,0.9761965274810791,True,L
ALIGN,0970g.png,grey,shears,shears,0.9960195422172546,0.003980475477874279,True,L
ALIGN,0970c.png,color,sunflower,shears,0.6834142208099365,0.3165857791900635,False,L
ALIGN,0997g.png,grey,receipt,receipt,0.9985108971595764,0.001489041605964303,True,L
ALIGN,0997c.png,color,bird,receipt,0.7220625877380371,0.2779374420642853,False,L
ALIGN,1000g.png,grey,pebbles,pebbles,0.9890059232711792,0.010994003154337406,True,M
ALIGN,1000c.png,color,garden,pebbles,0.7192984819412231,0.28070148825645447,False,M
ALIGN,1006g.png,grey,cave,jungle,0.43702569603919983,0.5629743337631226,False,L
ALIGN,1006c.png,color,jungle,jungle,0.008741099387407303,0.9912589192390442,True,L
ALIGN,1008g.png,grey,cliff,cliff,0.9945451021194458,0.005454882513731718,True,L
ALIGN,1008c.png,color,flower,cliff,0.8963314294815063,0.10366863012313843,False,L
ALIGN,1010g.png,grey,door,door,0.7813753485679626,0.21862465143203735,True,L
ALIGN,1010c.png,color,toucan,toucan,0.000596556521486491,0.9994034767150879,True,L
ALIGN,1034g.png,grey,door,door,0.9872584939002991,0.012741475366055965,True,L
ALIGN,1034c.png,color,birds,birds,0.005934645421802998,0.9940652847290039,True,L
ALIGN,1040g.png,grey,coal,coal,0.8011032938957214,0.19889672100543976,True,H
ALIGN,1040c.png,color,flowers,flowers,0.33916181325912476,0.6608381867408752,True,H
ALIGN,1042g.png,grey,pavement,flower,0.22556892037391663,0.774431049823761,False,L
ALIGN,1042c.png,color,flower,flower,0.1007797047495842,0.8992202281951904,True,L
ALIGN,1057g.png,grey,sticks,sticks,0.8983074426651001,0.10169250518083572,True,L
ALIGN,1057c.png,color,flower,flower,0.11168242245912552,0.8883175253868103,True,L
ALIGN,1058g.png,grey,stones,stones,0.9850881695747375,0.014911812730133533,True,L
ALIGN,1058c.png,color,mandala,mandala,0.041025251150131226,0.9589747786521912,True,L
ALIGN,1076g.png,grey,sock,sweater,0.020566636696457863,0.9794334173202515,False,M
ALIGN,1076c.png,color,sweater,sweater,0.006662424188107252,0.9933376312255859,True,M
ALIGN,1100g.png,grey,owl,macaw,0.05230431258678436,0.9476956725120544,False,L
ALIGN,1100c.png,color,macaw,macaw,0.0005001770914532244,0.9994997978210449,True,L
ALIGN,1101g.png,grey,bear,bear,0.6034077405929565,0.39659225940704346,True,M
ALIGN,1101c.png,color,tiger,tiger,0.017191879451274872,0.9828080534934998,True,M
ALIGN,1102g.png,grey,wolf,wolf,0.9273195862770081,0.07268040627241135,True,L
ALIGN,1102c.png,color,fox,fox,0.171212837100029,0.8287871479988098,True,L
ALIGN,1104g.png,grey,gorilla,gorilla,0.9709902405738831,0.029009709134697914,True,L
ALIGN,1104c.png,color,orangutan,orangutan,0.34927019476890564,0.650729775428772,True,L
ALIGN,1114g.png,grey,crow,crow,0.7960630655288696,0.2039368748664856,True,L
ALIGN,1114c.png,color,jay,jay,0.0922110453248024,0.9077889323234558,True,L
ALIGN,1214g.png,grey,hurricane,rainbow,0.21537621319293976,0.7846238613128662,False,L
ALIGN,1214c.png,color,rainbow,rainbow,0.0015941254096105695,0.9984058737754822,True,L
ALIGN,1230g.png,grey,moth,butterfly,0.10975057631731033,0.8902493715286255,False,L
ALIGN,1230c.png,color,butterfly,butterfly,0.03232263773679733,0.9676773548126221,True,L
ALIGN,1607g.png,grey,frost,frost,0.9131537079811096,0.08684631437063217,True,M
ALIGN,1607c.png,color,box,box,0.011590301990509033,0.9884096384048462,True,M
ALIGN,1612g.png,grey,asparagus,fish,0.008295892737805843,0.9917041063308716,False,L
ALIGN,1612c.png,color,fish,fish,0.00024220303748734295,0.9997578263282776,True,L
ALIGN,1624g.png,grey,river,storm,0.003896439680829644,0.9961035251617432,False,L
ALIGN,1624c.png,color,storm,storm,0.0072464002296328545,0.9927535653114319,True,L
ALIGN,1629g.png,grey,tornado,tornado,0.8354090452194214,0.16459092497825623,True,L
ALIGN,1629c.png,color,elderberry,tornado,0.7960205674171448,0.20397938787937164,False,L
ALIGN,1631g.png,grey,dog,dog,0.9912103414535522,0.00878962129354477,True,L
ALIGN,1631c.png,color,toad,toad,0.03062792867422104,0.9693720936775208,True,L
ALIGN,1635g.png,grey,table,switch,0.0003875337715726346,0.9996125102043152,False,M
ALIGN,1635c.png,color,switch,switch,0.00022647171863354743,0.9997735619544983,True,M
ALIGN,1638g.png,grey,mop,tomato,0.028815941885113716,0.9711840152740479,False,M
ALIGN,1638c.png,color,tomato,tomato,3.968745659221895e-05,0.9999603033065796,True,M
ALIGN,1641g.png,grey,coffee,bow,0.002217627130448818,0.9977824091911316,False,L
ALIGN,1641c.png,color,bow,bow,0.0009559541358612478,0.9990440011024475,True,L
ALIGN,1645g.png,grey,cat,ocean,0.025940531864762306,0.9740594625473022,False,M
ALIGN,1645c.png,color,ocean,ocean,0.024800293147563934,0.9751996397972107,True,M
ALIGN,1653g.png,grey,alligator,alligator,0.9896390438079834,0.010360942222177982,True,L
ALIGN,1653c.png,color,keyboard,keyboard,0.006658684927970171,0.9933412671089172,True,L
ALIGN,1658g.png,grey,teddy,teddy,0.9990469813346863,0.0009530249517410994,True,M
ALIGN,1658c.png,color,fox,teddy,0.9894385933876038,0.010561341419816017,False,M
ALIGN,1666g.png,grey,orange,orange,0.5067313313484192,0.4932686686515808,True,L
ALIGN,1666c.png,color,wine,wine,0.08623633533716202,0.9137636423110962,True,L
ALIGN,1668g.png,grey,teddy,ipod,0.03849354013800621,0.9615064263343811,False,L
ALIGN,1668c.png,color,ipod,ipod,0.0131621602922678,0.9868378043174744,True,L
ALIGN,1669g.png,grey,shoe,shoe,0.9995507597923279,0.0004492323496378958,True,M
ALIGN,1669c.png,color,banana,shoe,0.9963422417640686,0.0036577535793185234,False,M
ALIGN,1672g.png,grey,horse,truck,0.14935088157653809,0.8506491184234619,False,L
ALIGN,1672c.png,color,truck,truck,0.1295890212059021,0.8704109191894531,True,L
ALIGN,1674g.png,grey,parsnip,parsnip,0.8414342999458313,0.1585656702518463,True,H
ALIGN,1674c.png,color,jicama,parsnip,0.796244204044342,0.20375581085681915,False,H
ALIGN,1678g.png,grey,pillow,pillow,0.9263768196105957,0.07362319529056549,True,L
ALIGN,1678c.png,color,tree,pillow,0.6851384043693542,0.31486159563064575,False,L
ALIGN,1702g.png,grey,purse,purse,0.9999972581863403,2.793299472614308e-06,True,L
ALIGN,1702c.png,color,avocado,purse,0.9998914003372192,0.00010861711780307814,False,L
ALIGN,1729g.png,grey,hazelnut,canary,0.20555296540260315,0.7944470643997192,False,L
ALIGN,1729c.png,color,canary,canary,0.00729668652638793,0.9927033185958862,True,L
ALIGN,1734g.png,grey,ice cream,ice cream,0.9260849356651306,0.07391504943370819,True,L
ALIGN,1734c.png,color,donut,ice cream,0.5836453437805176,0.4163546562194824,False,L
ALIGN,1745g.png,grey,pomegranate,pomegranate,0.7769214510917664,0.22307857871055603,True,H
ALIGN,1745c.png,color,blueberry,blueberry,0.0029229854699224234,0.9970769882202148,True,H
ALIGN,1763g.png,grey,baseball,baseball,0.9969384670257568,0.003061518305912614,True,M
ALIGN,1763c.png,color,pea,baseball,0.9988954067230225,0.0011045506689697504,False,M
ALIGN,1780g.png,grey,hill,lake,0.22536148130893707,0.7746384739875793,False,L
ALIGN,1780c.png,color,lake,lake,0.13505296409130096,0.8649470806121826,True,L
ALIGN,1791g.png,grey,cello,cello,0.999977707862854,2.229726487712469e-05,True,M
ALIGN,1791c.png,color,dog,cello,0.9999347925186157,6.522379408124834e-05,False,M
ALIGN,1793g.png,grey,pizza,pizza,0.9977259039878845,0.0022740487474948168,True,L
ALIGN,1793c.png,color,umbrella,pizza,0.9977155923843384,0.0022843771148473024,False,L
ALIGN,1802g.png,grey,flower,flower,0.9465723037719727,0.05342772975564003,True,M
ALIGN,1802c.png,color,splash,flower,0.9862673282623291,0.01373272854834795,False,M
ALIGN,1803g.png,grey,valley,crab,0.005790413822978735,0.9942096471786499,False,L
ALIGN,1803c.png,color,crab,crab,0.00020333407155703753,0.9997966885566711,True,L
ALIGN,1821g.png,grey,thermometer,thermometer,0.8010626435279846,0.19893737137317657,True,H
ALIGN,1821c.png,color,newt,newt,0.035683341324329376,0.9643166661262512,True,H
ALIGN,1823g.png,grey,chicken,chicken,0.9998602867126465,0.00013964912795927376,True,L
ALIGN,1823c.png,color,walnut,chicken,0.5669785141944885,0.4330214560031891,False,L
ALIGN,1836g.png,grey,avocado,avocado,0.8798508644104004,0.1201491728425026,True,M
ALIGN,1836c.png,color,rhino,rhino,0.0036258366890251637,0.9963741898536682,True,M
ALIGN,1842g.png,grey,bracelet,bracelet,0.9643194079399109,0.03568060323596001,True,L
ALIGN,1842c.png,color,radio,radio,0.41939622163772583,0.580603837966919,True,L
ALIGN,1853g.png,grey,baboon,baboon,0.9781907796859741,0.021809272468090057,True,L
ALIGN,1853c.png,color,zebra,zebra,0.014410530216991901,0.9855894446372986,True,L
ALIGN,1855g.png,grey,bull,bull,0.9985013008117676,0.0014986812602728605,True,M
ALIGN,1855c.png,color,onion,bull,0.9739916324615479,0.026008427143096924,False,M
ALIGN,1856g.png,grey,broccoli,broccoli,0.9999547004699707,4.532087405095808e-05,True,L
ALIGN,1856c.png,color,lake,broccoli,0.9999929666519165,7.0005257839511614e-06,False,L
ALIGN,1858g.png,grey,plum,plum,0.9270808696746826,0.07291913032531738,True,L
ALIGN,1858c.png,color,couch,couch,0.09852518886327744,0.9014748334884644,True,L
ALIGN,1864g.png,grey,dagger,dagger,0.9996472597122192,0.000352727307472378,True,M
ALIGN,1864c.png,color,carrot,carrot,0.12827229499816895,0.871727705001831,True,M
ALIGN,1878g.png,grey,warthog,warthog,0.9498283863067627,0.0501716248691082,True,H
ALIGN,1878c.png,color,taco,taco,0.3270917534828186,0.6729083061218262,True,H
ALIGN,1879g.png,grey,sun,sun,0.9994723200798035,0.0005276533775031567,True,L
ALIGN,1879c.png,color,pomegranate,sun,0.997873067855835,0.0021269379649311304,False,L
ALIGN,1902g.png,grey,bag,table,0.4645332992076874,0.535466730594635,False,L
ALIGN,1902c.png,color,table,table,0.010035134851932526,0.9899649024009705,True,L
ALIGN,1922g.png,grey,wind,wind,0.8430467247962952,0.15695329010486603,True,L
ALIGN,1922c.png,color,parrot,parrot,0.03858182579278946,0.9614181518554688,True,L
ALIGN,1928g.png,grey,spinach,spinach,0.7922380566596985,0.20776192843914032,True,L
ALIGN,1928c.png,color,sock,sock,0.23708269000053406,0.7629173398017883,True,L
ALIGN,1955g.png,grey,song,baseball,0.3547264039516449,0.6452735662460327,False,L
ALIGN,1955c.png,color,baseball,baseball,0.0854228213429451,0.9145771861076355,True,L
ALIGN,1960g.png,grey,cauliflower,cauliflower,0.9999552965164185,4.473061198950745e-05,True,L
ALIGN,1960c.png,color,cow,cauliflower,0.9999557733535767,4.423856807989068e-05,False,L
ALIGN,1962g.png,grey,burger,burger,0.7951979041099548,0.20480211079120636,True,L
ALIGN,1962c.png,color,chameleon,burger,0.5982915759086609,0.4017084538936615,False,L
ALIGN,1963g.png,grey,ipod,ipod,0.5422767400741577,0.4577232301235199,True,L
ALIGN,1963c.png,color,stove,stove,0.06318505853414536,0.9368149042129517,True,L
ALIGN,1975g.png,grey,porpoise,porpoise,0.9999125003814697,8.749365224502981e-05,True,L
ALIGN,1975c.png,color,ginger,porpoise,0.999567449092865,0.00043249063310213387,False,L
ALIGN,1988g.png,grey,pencil,pencil,0.9588689208030701,0.04113112762570381,True,L
ALIGN,1988c.png,color,dill,pencil,0.7637114524841309,0.23628857731819153,False,L
ALIGN,1989g.png,grey,bell,bell,0.9822896122932434,0.017710424959659576,True,L
ALIGN,1989c.png,color,mandarine,bell,0.9611132740974426,0.038886722177267075,False,L
ALIGN,1993g.png,grey,desk,desk,0.9600934386253357,0.0399065725505352,True,L
ALIGN,1993c.png,color,key,desk,0.9756853580474854,0.024314619600772858,False,L
ALIGN,1997g.png,grey,fog,fog,0.7780963778495789,0.22190362215042114,True,M
ALIGN,1997c.png,color,noodle,noodle,0.00020464288536459208,0.9997953772544861,True,M
ALIGN,2014g.png,grey,sausage,sausage,0.6442521810531616,0.355747789144516,True,M
ALIGN,2014c.png,color,fig,fig,0.011622685007750988,0.9883772730827332,True,M
ALIGN,2024g.png,grey,faucet,faucet,0.9983940720558167,0.0016059093177318573,True,M
ALIGN,2024c.png,color,boysenberry,faucet,0.9974989295005798,0.0025010756216943264,False,M
ALIGN,2025g.png,grey,cucumber,battery,0.16683335602283478,0.8331665992736816,False,L
ALIGN,2025c.png,color,battery,battery,0.002102083992213011,0.9978978633880615,True,L
ALIGN,2037g.png,grey,window,window,0.9579230546951294,0.04207688197493553,True,L
ALIGN,2037c.png,color,chicken,chicken,0.39320069551467896,0.606799304485321,True,L
ALIGN,2039g.png,grey,soda,soda,0.9066112041473389,0.09338877350091934,True,H
ALIGN,2039c.png,color,soup,soup,0.12161840498447418,0.8783816695213318,True,H
ALIGN,2049g.png,grey,hamster,horse,0.0016583660617470741,0.9983416795730591,False,M
ALIGN,2049c.png,color,horse,horse,0.00236471276730299,0.9976352453231812,True,M
ALIGN,2063g.png,grey,mountain,mountain,0.7559773921966553,0.24402259290218353,True,L
ALIGN,2063c.png,color,peanut,peanut,0.06679093092679977,0.9332090616226196,True,L
ALIGN,2064g.png,grey,dictionary,dictionary,0.9821950793266296,0.01780492253601551,True,L
ALIGN,2064c.png,color,multitool,dictionary,0.9586390852928162,0.04136092960834503,False,L
ALIGN,2066g.png,grey,chamomile,chamomile,0.960027277469635,0.039972707629203796,True,M
ALIGN,2066c.png,color,blouse,chamomile,0.8077185153961182,0.19228149950504303,False,M
ALIGN,2068g.png,grey,flower,flower,0.9532412886619568,0.04675869643688202,True,M
ALIGN,2068c.png,color,car,flower,0.6229361295700073,0.3770638704299927,False,M
ALIGN,2094g.png,grey,lobster,lobster,0.9969655871391296,0.003034373978152871,True,M
ALIGN,2094c.png,color,passionfruit,passionfruit,0.17450737953186035,0.8254926204681396,True,M
ALIGN,2107g.png,grey,rosemary,rosemary,0.9999593496322632,4.062977677676827e-05,True,M
ALIGN,2107c.png,color,yak,rosemary,0.9496480822563171,0.05035190284252167,False,M
ALIGN,2108g.png,grey,lion,lion,0.9998719692230225,0.00012805617006961256,True,L
ALIGN,2108c.png,color,beet,lion,0.9990463852882385,0.000953568029217422,False,L
ALIGN,2128g.png,grey,knife,knife,0.9996252059936523,0.0003747605951502919,True,L
ALIGN,2128c.png,color,elk,elk,0.019604288041591644,0.9803957343101501,True,L
ALIGN,2155g.png,grey,elephant,elephant,0.9987401366233826,0.0012598964385688305,True,L
ALIGN,2155c.png,color,bell,elephant,0.9989302754402161,0.0010697131510823965,False,L
ALIGN,2160g.png,grey,chimpanzee,chimpanzee,0.7993308305740356,0.20066916942596436,True,H
ALIGN,2160c.png,color,pizza,pizza,0.2560860216617584,0.743914008140564,True,H
ALIGN,2180g.png,grey,ocean,cup,0.06787195056676865,0.9321280121803284,False,L
ALIGN,2180c.png,color,cup,cup,0.41274741291999817,0.5872525572776794,True,L
ALIGN,2193g.png,grey,stone,stone,0.9940811991691589,0.00591884134337306,True,M
ALIGN,2193c.png,color,bowl,stone,0.593203604221344,0.406796395778656,False,M
ALIGN,2196g.png,grey,plug,plug,0.9973821043968201,0.0026178816333413124,True,M
ALIGN,2196c.png,color,chair,plug,0.998769223690033,0.0012307005235925317,False,M
ALIGN,2230g.png,grey,sprinkler,sprinkler,0.8908146023750305,0.10918533056974411,True,L
ALIGN,2230c.png,color,opossum,opossum,0.040607936680316925,0.9593921303749084,True,L
ALIGN,2233g.png,grey,jackfruit,jackfruit,0.9778384566307068,0.02216155454516411,True,M
ALIGN,2233c.png,color,quilt,quilt,0.041627176105976105,0.9583728909492493,True,M
ALIGN,2250g.png,grey,twister,twister,0.9975963234901428,0.0024036222603172064,True,L
ALIGN,2250c.png,color,reindeer,reindeer,0.04819098860025406,0.9518090486526489,True,L
ALIGN,2277g.png,grey,pipe,pipe,0.9866389036178589,0.013361118733882904,True,M
ALIGN,2277c.png,color,cabbage,cabbage,0.002473352709785104,0.9975267052650452,True,M
ALIGN,2286g.png,grey,glass,glass,0.9999158382415771,8.414788317168131e-05,True,H
ALIGN,2286c.png,color,rabbit,glass,0.9997312426567078,0.0002687253581825644,False,H
ALIGN,2292g.png,grey,keyboard,toothbrush,0.0001687827316345647,0.9998311996459961,False,M
ALIGN,2292c.png,color,toothbrush,toothbrush,7.040147465886548e-05,0.9999295473098755,True,M
ALIGN,2297g.png,grey,lawnmower,lawnmower,0.9990794658660889,0.0009204674861393869,True,L
ALIGN,2297c.png,color,bathtub,lawnmower,0.9988216757774353,0.0011782762594521046,False,L
ALIGN,2298g.png,grey,sun,sun,0.591659665107727,0.40834033489227295,True,M
ALIGN,2298c.png,color,notebook,notebook,0.015407804399728775,0.9845921397209167,True,M
ALIGN,2300g.png,grey,pineapple,bed,0.05523580685257912,0.944764256477356,False,M
ALIGN,2300c.png,color,bed,bed,0.0029624567832797766,0.9970375299453735,True,M
ALIGN,2318g.png,grey,ring,phone,0.2676151394844055,0.7323848605155945,False,L
ALIGN,2318c.png,color,phone,phone,0.241395503282547,0.7586045265197754,True,L
ALIGN,2325g.png,grey,monitor,monitor,0.9907428622245789,0.009257161989808083,True,M
ALIGN,2325c.png,color,melon,monitor,0.9289493560791016,0.07105062901973724,False,M
ALIGN,2344g.png,grey,chameleon,chameleon,0.8392651677131653,0.1607348620891571,True,L
ALIGN,2344c.png,color,music,music,0.031902626156806946,0.9680973291397095,True,L
ALIGN,2347g.png,grey,bucket,bucket,0.999921441078186,7.854057912481949e-05,True,L
ALIGN,2347c.png,color,hill,bucket,0.9984825253486633,0.00151752308011055,False,L
ALIGN,2348g.png,grey,valley,laptop,0.11216279119253159,0.8878371715545654,False,H
ALIGN,2348c.png,color,laptop,laptop,0.062917061150074,0.9370829463005066,True,H
ALIGN,2349g.png,grey,lightning,lightning,0.9995712637901306,0.000428771716542542,True,L
ALIGN,2349c.png,color,notepad,lightning,0.9969068169593811,0.003093193983659148,False,L
ALIGN,2382g.png,grey,lamb,lamb,0.9997410178184509,0.00025903029018081725,True,M
ALIGN,2382c.png,color,carrot,lamb,0.9966818690299988,0.0033181514590978622,False,M
